old_url	slug	target
https://cloverspb.ru/magazin/product/adriel-dlya-plit-850ml	adriel-dlya-plit-850ml	https://clover-spb.ru/catalog
https://cloverspb.ru/magazin/product/adriel-dlya-udaleniya-zhira-5l	adriel-dlya-udaleniya-zhira-5l	https://clover-spb.ru/catalog
https://cloverspb.ru/magazin/product/akvalon-5l	akvalon-5l	https://clover-spb.ru/catalog
https://cloverspb.ru/magazin/product/bloknot-a6	bloknot-a6	https://clover-spb.ru/catalog
https://cloverspb.ru/magazin/product/bumaga-a4-80g-m2-500l-upak	bumaga-a4-80g-m2-500l-upak	https://clover-spb.ru/catalog
https://cloverspb.ru/magazin/product/bumazhnoe-polotence-myagkij-znak	bumazhnoe-polotence-myagkij-znak	https://clover-spb.ru/catalog
https://cloverspb.ru/magazin/product/bumazhnye-polotenca-focus-z-ukladka-2-slojnye-200-listov	bumazhnye-polotenca-focus-z-ukladka-2-slojnye-200-listov	https://clover-spb.ru/catalog
https://cloverspb.ru/magazin/product/bumazhnye-polotenca-pro-c-192-v-ukladka-1-slojnye-250-listov	bumazhnye-polotenca-pro-c-192-v-ukladka-1-slojnye-250-listov	https://clover-spb.ru/catalog
https://cloverspb.ru/magazin/product/butylka-pet-0-5l-gaz-prozrachnaya-s-chernoj-probkoj-100sht-upak	butylka-pet-0-5l-gaz-prozrachnaya-s-chernoj-probkoj-100sht-upak	https://clover-spb.ru/catalog
https://cloverspb.ru/magazin/product/butylka-pet-1l-gaz-prozrachnaya-s-chernoj-probkoj	butylka-pet-1l-gaz-prozrachnaya-s-chernoj-probkoj	https://clover-spb.ru/catalog
https://cloverspb.ru/magazin/product/fasovochnyj-paket-25-sm-h-45-sm-v-rulone	fasovochnyj-paket-25-sm-h-45-sm-v-rulone	https://clover-spb.ru/catalog
https://cloverspb.ru/magazin/product/folga-30-sm-100-metrov	folga-30-sm-100-metrov	https://clover-spb.ru/catalog
https://cloverspb.ru/magazin/product/folga-45-sm-100-metrov	folga-45-sm-100-metrov	https://clover-spb.ru/catalog
https://cloverspb.ru/magazin/product/forma-alyum-r28l-430ml-144h119hh40mm	forma-alyum-r28l-430ml-144h119hh40mm	https://clover-spb.ru/catalog
https://cloverspb.ru/magazin/product/forma-alyum-r44-r14l-900ml-220h115hh55mm	forma-alyum-r44-r14l-900ml-220h115hh55mm	https://clover-spb.ru/catalog
https://cloverspb.ru/magazin/product/gubka-dlya-posudy-5-sht-mega-10h6-5h4-sm-15up-kor	gubka-dlya-posudy-5-sht-mega-10h6-5h4-sm-15up-kor	https://clover-spb.ru/catalog
https://cloverspb.ru/magazin/product/halat-laboratornyj-belyj	halat-laboratornyj-belyj	https://clover-spb.ru/catalog
https://cloverspb.ru/magazin/product/konditerskij-meshok-sinij-53-sm-75-mkm-100sht	konditerskij-meshok-sinij-53-sm-75-mkm-100sht	https://clover-spb.ru/catalog
https://cloverspb.ru/magazin/product/kontejner-500ml-d112-kruglyj-prochnyj-prozrachnyj-perint	kontejner-500ml-d112-kruglyj-prochnyj-prozrachnyj-perint	https://clover-spb.ru/catalog
https://cloverspb.ru/magazin/product/kontejner-500ml-d112-kruglyj-prozrachnyj-pp-60sht-s-kryshkoj	kontejner-500ml-d112-kruglyj-prozrachnyj-pp-60sht-s-kryshkoj	https://clover-spb.ru/catalog
https://cloverspb.ru/magazin/product/kontejner-530-ml-kruglyj-chernyj-s-prozrachnoj-kryshkoj	kontejner-530-ml-kruglyj-chernyj-s-prozrachnoj-kryshkoj	https://clover-spb.ru/catalog
https://cloverspb.ru/magazin/product/kontejner-950-ml-kruglyj-chernyj-s-prozrachnoj-kryshkoj	kontejner-950-ml-kruglyj-chernyj-s-prozrachnoj-kryshkoj	https://clover-spb.ru/catalog
https://cloverspb.ru/magazin/product/kontejner-bumazhnyj-eco-opsalad-1000-ml-chernyj-s-kryshkoj	kontejner-bumazhnyj-eco-opsalad-1000-ml-chernyj-s-kryshkoj	https://clover-spb.ru/catalog
https://cloverspb.ru/magazin/product/kontejner-bumazhnyj-eco-opsalad-1000-ml-kraft-s-kryshkoj	kontejner-bumazhnyj-eco-opsalad-1000-ml-kraft-s-kryshkoj	https://clover-spb.ru/catalog
https://cloverspb.ru/magazin/product/kontejner-bumazhnyj-eco-opsalad-400-ml-chernyj-s-kryshkoj	kontejner-bumazhnyj-eco-opsalad-400-ml-chernyj-s-kryshkoj	https://clover-spb.ru/catalog
https://cloverspb.ru/magazin/product/kontejner-bumazhnyj-eco-opsalad-800-black-edition-chernyj-s-prozr-krysh	kontejner-bumazhnyj-eco-opsalad-800-black-edition-chernyj-s-prozr-krysh	https://clover-spb.ru/catalog
https://cloverspb.ru/magazin/product/kontejner-bumazhnyj-eco-opsalad-900-kraft-s-prozr-krysh	kontejner-bumazhnyj-eco-opsalad-900-kraft-s-prozr-krysh	https://clover-spb.ru/catalog
https://cloverspb.ru/magazin/product/kontejner-dlya-pirozhnyh-pr-t-85-chernoe-dno-prozrachnaya-kupolnaya-kryshka	kontejner-dlya-pirozhnyh-pr-t-85-chernoe-dno-prozrachnaya-kupolnaya-kryshka	https://clover-spb.ru/catalog
https://cloverspb.ru/magazin/product/kontejner-dlya-pirozhnyh-pr-t-85-zolotoe-dno-prozrachnaya-kupolnaya-kryshka	kontejner-dlya-pirozhnyh-pr-t-85-zolotoe-dno-prozrachnaya-kupolnaya-kryshka	https://clover-spb.ru/catalog
https://cloverspb.ru/magazin/product/kontejner-kartonnyj-eco-opsalad-350ml-chernyj-s-prozrachnoj-kryshkoj-121-106-55mm-osq-50-350	kontejner-kartonnyj-eco-opsalad-350ml-chernyj-s-prozrachnoj-kryshkoj-121-106-55mm-osq-50-350	https://clover-spb.ru/catalog
https://cloverspb.ru/magazin/product/kontejner-kartonnyj-eco-opsalad-350ml-s-prozrachnoj-kryshkoj-121-106-55mm-osq-50-350	kontejner-kartonnyj-eco-opsalad-350ml-s-prozrachnoj-kryshkoj-121-106-55mm-osq-50-350	https://clover-spb.ru/catalog
https://cloverspb.ru/magazin/product/kontejner-pr-ms-350ml-kruglyj-chernyj-pp	kontejner-pr-ms-350ml-kruglyj-chernyj-pp	https://clover-spb.ru/catalog
https://cloverspb.ru/magazin/product/kontejner-pr-ms-500ml-kruglyj-chernyj-pp	kontejner-pr-ms-500ml-kruglyj-chernyj-pp	https://clover-spb.ru/catalog
https://cloverspb.ru/magazin/product/kontejner-prozr-kruglyj-360ml-rr-bk-50-500-bez-kryshki	kontejner-prozr-kruglyj-360ml-rr-bk-50-500-bez-kryshki	https://clover-spb.ru/catalog
https://cloverspb.ru/magazin/product/kontejner-pryam-1000ml-179-132-chernyj-pp-polier	kontejner-pryam-1000ml-179-132-chernyj-pp-polier	https://clover-spb.ru/catalog
https://cloverspb.ru/magazin/product/kontejner-pryam-1000ml-179-132-prozr-pp-polier	kontejner-pryam-1000ml-179-132-prozr-pp-polier	https://clover-spb.ru/catalog
https://cloverspb.ru/magazin/product/kontejner-pryam-350ml-prozr-139-102-39ml-bez-kryshki-pp-polier-50-50	kontejner-pryam-350ml-prozr-139-102-39ml-bez-kryshki-pp-polier-50-50	https://clover-spb.ru/catalog
https://cloverspb.ru/magazin/product/kontejner-pryamoug-125ml-108-82-25mm-b-kryshki-prozr-pp-polier-100-100	kontejner-pryamoug-125ml-108-82-25mm-b-kryshki-prozr-pp-polier-100-100	https://clover-spb.ru/catalog
https://cloverspb.ru/magazin/product/kontejner-pryamoug-1500ml-179-130-98-mm-prozr-pp-polier-500-500	kontejner-pryamoug-1500ml-179-130-98-mm-prozr-pp-polier-500-500	https://clover-spb.ru/catalog
https://cloverspb.ru/magazin/product/kontejner-pryamoug-2000ml-179-130-123mm-prozr-pp-polier-500-500	kontejner-pryamoug-2000ml-179-130-123mm-prozr-pp-polier-500-500	https://clover-spb.ru/catalog
https://cloverspb.ru/magazin/product/kontejner-pryamoug-250ml-108-82-48mm-bez-kryshki100-1000	kontejner-pryamoug-250ml-108-82-48mm-bez-kryshki100-1000	https://clover-spb.ru/catalog
https://cloverspb.ru/magazin/product/kontejner-pryamoug-500ml-179-130-35mm-prozr-pp-polier-500-500	kontejner-pryamoug-500ml-179-130-35mm-prozr-pp-polier-500-500	https://clover-spb.ru/catalog
https://cloverspb.ru/magazin/product/kontejner-pryamoug-500ml-179-130-52mm-chernyj-pp-polier-500-500	kontejner-pryamoug-500ml-179-130-52mm-chernyj-pp-polier-500-500	https://clover-spb.ru/catalog
https://cloverspb.ru/magazin/product/kontejner-pryamoug-500ml-prozr-139-102-56-bez-kryshki-pp-polier-50-500	kontejner-pryamoug-500ml-prozr-139-102-56-bez-kryshki-pp-polier-50-500	https://clover-spb.ru/catalog
https://cloverspb.ru/magazin/product/kontejner-pryamoug-750ml-139-102-86mm-prozr-pp-polier-500-500	kontejner-pryamoug-750ml-139-102-86mm-prozr-pp-polier-500-500	https://clover-spb.ru/catalog
https://cloverspb.ru/magazin/product/kontejner-pryamoug-750ml-179-130-52mm-chernyj-pp-polier-500-500	kontejner-pryamoug-750ml-179-130-52mm-chernyj-pp-polier-500-500	https://clover-spb.ru/catalog
https://cloverspb.ru/magazin/product/kontejner-pryamoug-750ml-179-130-52mm-prozr-pp-polier-500-500	kontejner-pryamoug-750ml-179-130-52mm-prozr-pp-polier-500-500	https://clover-spb.ru/catalog
https://cloverspb.ru/magazin/product/kontejner-pryamoug-bez-kryshki-500ml-108-82-100mm-pp-100-100	kontejner-pryamoug-bez-kryshki-500ml-108-82-100mm-pp-100-100	https://clover-spb.ru/catalog
https://cloverspb.ru/magazin/product/kontejner-rakushka-dlya-pirozhnyh-4-sekcii-kr-15-4	kontejner-rakushka-dlya-pirozhnyh-4-sekcii-kr-15-4	https://clover-spb.ru/catalog
https://cloverspb.ru/magazin/product/kontejner-rakushka-rk-10-121-mm-h-119-mm-h-60-mm-prozrachnyj	kontejner-rakushka-rk-10-121-mm-h-119-mm-h-60-mm-prozrachnyj	https://clover-spb.ru/catalog
https://cloverspb.ru/magazin/product/kontejner-rakushka-rk-31-220-mm-h-155-mm-h-89-mm-prozrachnyj	kontejner-rakushka-rk-31-220-mm-h-155-mm-h-89-mm-prozrachnyj	https://clover-spb.ru/catalog
https://cloverspb.ru/magazin/product/kontejner-spk-190d-750ml-kruglyj-chernyj-pet	kontejner-spk-190d-750ml-kruglyj-chernyj-pet	https://clover-spb.ru/catalog
https://cloverspb.ru/magazin/product/korob-kartonnyj-pod-12-kapkejkov-bez-okna-330-mm-h-250-mm-h-100-mm	korob-kartonnyj-pod-12-kapkejkov-bez-okna-330-mm-h-250-mm-h-100-mm	https://clover-spb.ru/catalog
https://cloverspb.ru/magazin/product/korobka-dlya-piccy-25sm-h-25sm-belyj-gofrokarton	korobka-dlya-piccy-25sm-h-25sm-belyj-gofrokarton	https://clover-spb.ru/catalog
https://cloverspb.ru/magazin/product/korobka-dlya-piccy-40-5sm-h-40-5sm-belyj-gofrokarton	korobka-dlya-piccy-40-5sm-h-40-5sm-belyj-gofrokarton	https://clover-spb.ru/catalog
https://cloverspb.ru/magazin/product/korobka-eco-cake-1900-230-mm-h-140-mm-h-60-mm-dlya-pirozhnyh-kraft	korobka-eco-cake-1900-230-mm-h-140-mm-h-60-mm-dlya-pirozhnyh-kraft	https://clover-spb.ru/catalog
https://cloverspb.ru/magazin/product/korobki-dlya-piccy-33-33sm-45mm-belyj-gofrokarton-50	korobki-dlya-piccy-33-33sm-45mm-belyj-gofrokarton-50	https://clover-spb.ru/catalog
https://cloverspb.ru/magazin/product/kryshka-alyum-kart-cr14l-r15l-62-217x112mm-k-forme-r14l-62l	kryshka-alyum-kart-cr14l-r15l-62-217x112mm-k-forme-r14l-62l	https://clover-spb.ru/catalog
https://cloverspb.ru/magazin/product/kryshka-alyum-kart-cr28l-140x155mm-k-forme-alyum-rn28l	kryshka-alyum-kart-cr28l-140x155mm-k-forme-alyum-rn28l	https://clover-spb.ru/catalog
https://cloverspb.ru/magazin/product/kryshka-belaya-plastikovaya-s-otverstiem-dlya-kofejnogo-stakanchika-72mm-100sht-upak	kryshka-belaya-plastikovaya-s-otverstiem-dlya-kofejnogo-stakanchika-72mm-100sht-upak	https://clover-spb.ru/catalog
https://cloverspb.ru/magazin/product/kryshka-belaya-plastikovaya-s-otverstiem-dlya-kofejnogo-stakanchika-80mm-100sht-upak	kryshka-belaya-plastikovaya-s-otverstiem-dlya-kofejnogo-stakanchika-80mm-100sht-upak	https://clover-spb.ru/catalog
https://cloverspb.ru/magazin/product/kryshka-belaya-plastikovaya-s-otverstiem-dlya-kofejnogo-stakanchika-90mm-100sht-upak	kryshka-belaya-plastikovaya-s-otverstiem-dlya-kofejnogo-stakanchika-90mm-100sht-upak	https://clover-spb.ru/catalog
https://cloverspb.ru/magazin/product/kryshka-k-kont-360-500-600ml-d112-200sht-up-perint	kryshka-k-kont-360-500-600ml-d112-200sht-up-perint	https://clover-spb.ru/catalog
https://cloverspb.ru/magazin/product/kryshka-k-kont-pr-ms-350-500ml-prozrachnaya-pp	kryshka-k-kont-pr-ms-350-500ml-prozrachnaya-pp	https://clover-spb.ru/catalog
https://cloverspb.ru/magazin/product/kryshka-k-kont-spk-190k-750ml-kruglaya-prozrachnaya-pet	kryshka-k-kont-spk-190k-750ml-kruglaya-prozrachnaya-pet	https://clover-spb.ru/catalog
https://cloverspb.ru/magazin/product/kryshka-kupolnaya-s-otverstiem-k-pet-stakanu-d95mm-50sht-upak	kryshka-kupolnaya-s-otverstiem-k-pet-stakanu-d95mm-50sht-upak	https://clover-spb.ru/catalog
https://cloverspb.ru/magazin/product/kryshka-ploskaya-k-pet-stakanu-d95mm-s-krest-otverstiem-50sht-upak	kryshka-ploskaya-k-pet-stakanu-d95mm-s-krest-otverstiem-50sht-upak	https://clover-spb.ru/catalog
https://cloverspb.ru/magazin/product/kryshka-spk-257k-3-257h202h35mm	kryshka-spk-257k-3-257h202h35mm	https://clover-spb.ru/catalog
https://cloverspb.ru/magazin/product/lanch-boks-pps-1-sekc-chernyj-100	lanch-boks-pps-1-sekc-chernyj-100	https://clover-spb.ru/catalog
https://cloverspb.ru/magazin/product/lanch-boks-pps-2-sekc-chernyj-100	lanch-boks-pps-2-sekc-chernyj-100	https://clover-spb.ru/catalog
https://cloverspb.ru/magazin/product/lanch-boks-pps-3-sekc-chernyj-100	lanch-boks-pps-3-sekc-chernyj-100	https://clover-spb.ru/catalog
https://cloverspb.ru/magazin/product/lanch-boks-spk-257-3-257h202h37mm-chernyj	lanch-boks-spk-257-3-257h202h37mm-chernyj	https://clover-spb.ru/catalog
https://cloverspb.ru/magazin/product/lanchboks-2-sekcii-246h196h70-mm-belyj-vsp-50-200	lanchboks-2-sekcii-246h196h70-mm-belyj-vsp-50-200	https://clover-spb.ru/catalog
https://cloverspb.ru/magazin/product/lanchboks-3-sekcii-246h196h70-mm-belyj-vsp-50-200	lanchboks-3-sekcii-246h196h70-mm-belyj-vsp-50-200	https://clover-spb.ru/catalog
https://cloverspb.ru/magazin/product/lanchboks-bez-sekcij-246h196h70-belyj-vsp-50-200	lanchboks-bez-sekcij-246h196h70-belyj-vsp-50-200	https://clover-spb.ru/catalog
https://cloverspb.ru/magazin/product/lenta-kassovaya-57-12mm-17m	lenta-kassovaya-57-12mm-17m	https://clover-spb.ru/catalog
https://cloverspb.ru/magazin/product/lenta-kassovaya-57-12mm-40m	lenta-kassovaya-57-12mm-40m	https://clover-spb.ru/catalog
https://cloverspb.ru/magazin/product/lenta-kassovaya-80-12mm-70m	lenta-kassovaya-80-12mm-70m	https://clover-spb.ru/catalog
https://cloverspb.ru/magazin/product/lotok-279-223-35-5-sekcij-chernyj-110-110-0055_00200	lotok-279-223-35-5-sekcij-chernyj-110-110-0055_00200	https://clover-spb.ru/catalog
https://cloverspb.ru/magazin/product/lotok-kryshka-280-225-25mm-pet-110-110-0055_00201	lotok-kryshka-280-225-25mm-pet-110-110-0055_00201	https://clover-spb.ru/catalog
https://cloverspb.ru/magazin/product/lozhka-chajnaya-odn-125-mm-bel-ps-rts-100-4000	lozhka-chajnaya-odn-125-mm-bel-ps-rts-100-4000	https://clover-spb.ru/catalog
https://cloverspb.ru/magazin/product/lozhka-stolovaya-odn-165mm-bel-ps-rts-100-2000	lozhka-stolovaya-odn-165mm-bel-ps-rts-100-2000	https://clover-spb.ru/catalog
https://cloverspb.ru/magazin/product/manzhet-iz-kraft-kartona-dlya-kofejnyh-stakanchikov-eco-cup-keeper-50sht-upak	manzhet-iz-kraft-kartona-dlya-kofejnyh-stakanchikov-eco-cup-keeper-50sht-upak	https://clover-spb.ru/catalog
https://cloverspb.ru/magazin/product/marker-chernyj	marker-chernyj	https://clover-spb.ru/catalog
https://cloverspb.ru/magazin/product/maska-medicinskaya-odnorazovaya-trehslojnaya	maska-medicinskaya-odnorazovaya-trehslojnaya	https://clover-spb.ru/catalog
https://cloverspb.ru/magazin/product/mennyj-ballon-airwick-freshmatic-250ml	mennyj-ballon-airwick-freshmatic-250ml	https://clover-spb.ru/catalog
https://cloverspb.ru/magazin/product/mister-proper-univ-moyushchee-sr-vo-5l	mister-proper-univ-moyushchee-sr-vo-5l	https://clover-spb.ru/catalog
https://cloverspb.ru/magazin/product/mochalka-dlya-posudy-metall-pletenaya-v-setke-140-gr-10-sht	mochalka-dlya-posudy-metall-pletenaya-v-setke-140-gr-10-sht	https://clover-spb.ru/catalog
https://cloverspb.ru/magazin/product/mochalka-metallicheskaya-3-sht-v-setke	mochalka-metallicheskaya-3-sht-v-setke	https://clover-spb.ru/catalog
https://cloverspb.ru/magazin/product/mochalka-metallicheskaya-maksi-40-gr-v-setke-30sht-kor	mochalka-metallicheskaya-maksi-40-gr-v-setke-30sht-kor	https://clover-spb.ru/catalog
https://cloverspb.ru/magazin/product/mylo-hozyajstvennoe-aist-150gr	mylo-hozyajstvennoe-aist-150gr	https://clover-spb.ru/catalog
https://cloverspb.ru/magazin/product/mylo-krem-s-perlamutrom-5-l	mylo-krem-s-perlamutrom-5-l	https://clover-spb.ru/catalog
https://cloverspb.ru/magazin/product/nozh-odn-165-mm-belyj-ps-200-5000	nozh-odn-165-mm-belyj-ps-200-5000	https://clover-spb.ru/catalog
https://cloverspb.ru/magazin/product/nozh-plastikovyj-prozrachnyj-premium	nozh-plastikovyj-prozrachnyj-premium	https://clover-spb.ru/catalog
https://cloverspb.ru/magazin/product/paket-dlya-musora-pvd-rulon-30-l-50-sht	paket-dlya-musora-pvd-rulon-30-l-50-sht	https://clover-spb.ru/catalog
https://cloverspb.ru/magazin/product/paket-dlya-musora-pvd-rulon-60-l-50-sht	paket-dlya-musora-pvd-rulon-60-l-50-sht	https://clover-spb.ru/catalog
https://cloverspb.ru/magazin/product/paket-fasovochnyj-15-20sm-1000sht-upak	paket-fasovochnyj-15-20sm-1000sht-upak	https://clover-spb.ru/catalog
https://cloverspb.ru/magazin/product/paket-fasovochnyj-25-sm-h-35-sm	paket-fasovochnyj-25-sm-h-35-sm	https://clover-spb.ru/catalog
https://cloverspb.ru/magazin/product/paket-fasovochnyj-30-40sm-1000sht-upak	paket-fasovochnyj-30-40sm-1000sht-upak	https://clover-spb.ru/catalog
https://cloverspb.ru/magazin/product/paket-fasovochnyj-30-sm-h-40-sm	paket-fasovochnyj-30-sm-h-40-sm	https://clover-spb.ru/catalog
https://cloverspb.ru/magazin/product/paket-majka-fa-chernyj-100sht	paket-majka-fa-chernyj-100sht	https://clover-spb.ru/catalog
https://cloverspb.ru/magazin/product/paket-majka-fa-krasnyj-100sht	paket-majka-fa-krasnyj-100sht	https://clover-spb.ru/catalog
https://cloverspb.ru/magazin/product/paket-majka-fa-sinij-100sht	paket-majka-fa-sinij-100sht	https://clover-spb.ru/catalog
https://cloverspb.ru/magazin/product/paket-majka-fa-zelenyj-100sht	paket-majka-fa-zelenyj-100sht	https://clover-spb.ru/catalog
https://cloverspb.ru/magazin/product/paket-majka-fa-zheltyj-100sht	paket-majka-fa-zheltyj-100sht	https://clover-spb.ru/catalog
https://cloverspb.ru/magazin/product/paket-majka-pnd-24-44sm-100sht-upak	paket-majka-pnd-24-44sm-100sht-upak	https://clover-spb.ru/catalog
https://cloverspb.ru/magazin/product/paket-majka-pnd-belyj-30-60sm-100sht-upak	paket-majka-pnd-belyj-30-60sm-100sht-upak	https://clover-spb.ru/catalog
https://cloverspb.ru/magazin/product/paket-majka-pnd-chernyj-30-60sm-100sht-upak	paket-majka-pnd-chernyj-30-60sm-100sht-upak	https://clover-spb.ru/catalog
https://cloverspb.ru/magazin/product/paket-pvd-s-zamkom-15-10	paket-pvd-s-zamkom-15-10	https://clover-spb.ru/catalog
https://cloverspb.ru/magazin/product/paket-s-kr-ruch-b-p-240h140h280-kraft	paket-s-kr-ruch-b-p-240h140h280-kraft	https://clover-spb.ru/catalog
https://cloverspb.ru/magazin/product/paket-s-kr-ruch-b-p-320h200h370-kraft	paket-s-kr-ruch-b-p-320h200h370-kraft	https://clover-spb.ru/catalog
https://cloverspb.ru/magazin/product/paket-vakuumnyj-11-16sm-60mkm-100sht-upak	paket-vakuumnyj-11-16sm-60mkm-100sht-upak	https://clover-spb.ru/catalog
https://cloverspb.ru/magazin/product/paket-vakuumnyj-16-25sm-60mkm-100sht-upak	paket-vakuumnyj-16-25sm-60mkm-100sht-upak	https://clover-spb.ru/catalog
https://cloverspb.ru/magazin/product/paket-vakuumnyj-20-30sm-60mkm-100sht-upak	paket-vakuumnyj-20-30sm-60mkm-100sht-upak	https://clover-spb.ru/catalog
https://cloverspb.ru/magazin/product/pasticciere-korob-kartonnyj-belyj-hrom-erzac-280h280h140mm-100sht-kor	pasticciere-korob-kartonnyj-belyj-hrom-erzac-280h280h140mm-100sht-kor	https://clover-spb.ru/catalog
https://cloverspb.ru/magazin/product/pemolyuks-chistyashchij-poroshok-400-gr	pemolyuks-chistyashchij-poroshok-400-gr	https://clover-spb.ru/catalog
https://cloverspb.ru/magazin/product/perchatki-odnorazovye-lateks-opudr-medic-hl-100sht-upak	perchatki-odnorazovye-lateks-opudr-medic-hl-100sht-upak	https://clover-spb.ru/catalog
https://cloverspb.ru/magazin/product/perchatki-odnorazovye-lateks-opudr-medic-l-100sht-upak	perchatki-odnorazovye-lateks-opudr-medic-l-100sht-upak	https://clover-spb.ru/catalog
https://cloverspb.ru/magazin/product/perchatki-odnorazovye-lateks-opudr-medic-m-100sht-upak	perchatki-odnorazovye-lateks-opudr-medic-m-100sht-upak	https://clover-spb.ru/catalog
https://cloverspb.ru/magazin/product/perchatki-odnorazovye-lateks-opudr-medic-s-100sht-upak	perchatki-odnorazovye-lateks-opudr-medic-s-100sht-upak	https://clover-spb.ru/catalog
https://cloverspb.ru/magazin/product/perchatki-pnd-razmery-v-assortimente	perchatki-pnd-razmery-v-assortimente	https://clover-spb.ru/catalog
https://cloverspb.ru/magazin/product/perchatki-rezinovye-sine-zheltye-bicolor-l	perchatki-rezinovye-sine-zheltye-bicolor-l	https://clover-spb.ru/catalog
https://cloverspb.ru/magazin/product/perchatki-rezinovye-sine-zheltye-bicolor-m	perchatki-rezinovye-sine-zheltye-bicolor-m	https://clover-spb.ru/catalog
https://cloverspb.ru/magazin/product/perchatki-rezinovye-sine-zheltye-bicolor-xl	perchatki-rezinovye-sine-zheltye-bicolor-xl	https://clover-spb.ru/catalog
https://cloverspb.ru/magazin/product/perchatki-rezinovye-sine-zheltye-s	perchatki-rezinovye-sine-zheltye-s	https://clover-spb.ru/catalog
https://cloverspb.ru/magazin/product/perchatki-rezinovye-sverhprochnye-krasno-belye-s	perchatki-rezinovye-sverhprochnye-krasno-belye-s	https://clover-spb.ru/catalog
https://cloverspb.ru/magazin/product/perchatki-vinilovye-neopudr-hl-100sht-upak	perchatki-vinilovye-neopudr-hl-100sht-upak	https://clover-spb.ru/catalog
https://cloverspb.ru/magazin/product/perchatki-vinilovye-neopudr-l-100sht-upak	perchatki-vinilovye-neopudr-l-100sht-upak	https://clover-spb.ru/catalog
https://cloverspb.ru/magazin/product/perchatki-vinilovye-neopudr-m-100sht-upak	perchatki-vinilovye-neopudr-m-100sht-upak	https://clover-spb.ru/catalog
https://cloverspb.ru/magazin/product/perchatki-vinilovye-neopudr-s-100sht-upak	perchatki-vinilovye-neopudr-s-100sht-upak	https://clover-spb.ru/catalog
https://cloverspb.ru/magazin/product/perednik-pnd-100sht-upak	perednik-pnd-100sht-upak	https://clover-spb.ru/catalog
https://cloverspb.ru/magazin/product/pishchevaya-plenka-30-sm-250-metrov	pishchevaya-plenka-30-sm-250-metrov	https://clover-spb.ru/catalog
https://cloverspb.ru/magazin/product/pishchevaya-plenka-45-sm-250-metrov	pishchevaya-plenka-45-sm-250-metrov	https://clover-spb.ru/catalog
https://cloverspb.ru/magazin/product/plenka-strejch-500-h-17-mkm-ves-netto-2-0-kg	plenka-strejch-500-h-17-mkm-ves-netto-2-0-kg	https://clover-spb.ru/catalog
https://cloverspb.ru/magazin/product/polotenca-focus-v-ukladka-1-slojnye-250-listov	polotenca-focus-v-ukladka-1-slojnye-250-listov	https://clover-spb.ru/catalog
https://cloverspb.ru/magazin/product/polotenca-focus-z-ukladka-1-slojnye-200-listov	polotenca-focus-z-ukladka-1-slojnye-200-listov	https://clover-spb.ru/catalog
https://cloverspb.ru/magazin/product/polotenca-n3-tork-120108	polotenca-n3-tork-120108	https://clover-spb.ru/catalog
https://cloverspb.ru/magazin/product/polotenca-s-centralnoj-vytyazhkoj-lime-120-metrov-20-120	polotenca-s-centralnoj-vytyazhkoj-lime-120-metrov-20-120	https://clover-spb.ru/catalog
https://cloverspb.ru/magazin/product/polotenca-s-centralnoj-vytyazhkoj-lime-300-metrov-20-300	polotenca-s-centralnoj-vytyazhkoj-lime-300-metrov-20-300	https://clover-spb.ru/catalog
https://cloverspb.ru/magazin/product/polotenca-tork-h1-120067	polotenca-tork-h1-120067	https://clover-spb.ru/catalog
https://cloverspb.ru/magazin/product/raduga-dlya-posudy-5l	raduga-dlya-posudy-5l	https://clover-spb.ru/catalog
https://cloverspb.ru/magazin/product/restorannyj-schet	restorannyj-schet	https://clover-spb.ru/catalog
https://cloverspb.ru/magazin/product/salatnik-s-prozrachnoj-kryshkoj-black-edition	salatnik-s-prozrachnoj-kryshkoj-black-edition	https://clover-spb.ru/catalog
https://cloverspb.ru/magazin/product/salfetka-cellyuloznaya-14h16-sm-3-sht-50sht-kor	salfetka-cellyuloznaya-14h16-sm-3-sht-50sht-kor	https://clover-spb.ru/catalog
https://cloverspb.ru/magazin/product/salfetki-bumazhnye-23-5-sm-h-23-5-sm-1-slojnye	salfetki-bumazhnye-23-5-sm-h-23-5-sm-1-slojnye	https://clover-spb.ru/catalog
https://cloverspb.ru/magazin/product/sanoks-chistyashchaya-zhidkost-5l	sanoks-chistyashchaya-zhidkost-5l	https://clover-spb.ru/catalog
https://cloverspb.ru/magazin/product/sanoks-chistyashchaya-zhidkost-750ml	sanoks-chistyashchaya-zhidkost-750ml	https://clover-spb.ru/catalog
https://cloverspb.ru/magazin/product/shpagat-dzhutovyj-100m	shpagat-dzhutovyj-100m	https://clover-spb.ru/catalog
https://cloverspb.ru/magazin/product/shumanit-antizhir-bagi-3-l	shumanit-antizhir-bagi-3-l	https://clover-spb.ru/catalog
https://cloverspb.ru/magazin/product/sousnik-30ml-80sht-upak	sousnik-30ml-80sht-upak	https://clover-spb.ru/catalog
https://cloverspb.ru/magazin/product/sousnik-50ml-80sht-upak	sousnik-50ml-80sht-upak	https://clover-spb.ru/catalog
https://cloverspb.ru/magazin/product/sousnik-80ml-80sht-upak	sousnik-80ml-80sht-upak	https://clover-spb.ru/catalog
https://cloverspb.ru/magazin/product/sousnik-s-kryshkoj-30-ml-pokrov-chernyj	sousnik-s-kryshkoj-30-ml-pokrov-chernyj	https://clover-spb.ru/catalog
https://cloverspb.ru/magazin/product/sousnik-s-kryshkoj-50-ml-pokrov-chernyj	sousnik-s-kryshkoj-50-ml-pokrov-chernyj	https://clover-spb.ru/catalog
https://cloverspb.ru/magazin/product/stakan-bumazhnyj-180-ml	stakan-bumazhnyj-180-ml	https://clover-spb.ru/catalog
https://cloverspb.ru/magazin/product/stakan-bumazhnyj-250ml-1-sl-d80mm	stakan-bumazhnyj-250ml-1-sl-d80mm	https://clover-spb.ru/catalog
https://cloverspb.ru/magazin/product/stakan-bumazhnyj-300ml-1-sl-d90mm	stakan-bumazhnyj-300ml-1-sl-d90mm	https://clover-spb.ru/catalog
https://cloverspb.ru/magazin/product/stakan-bumazhnyj-chernyj-400-ml	stakan-bumazhnyj-chernyj-400-ml	https://clover-spb.ru/catalog
https://cloverspb.ru/magazin/product/stakan-bumazhnyj-pod-kofe-belyj-250-280ml-50sht-upak	stakan-bumazhnyj-pod-kofe-belyj-250-280ml-50sht-upak	https://clover-spb.ru/catalog
https://cloverspb.ru/magazin/product/stakan-bumazhnyj-pod-kofe-belyj-300-430ml-50sht-upak	stakan-bumazhnyj-pod-kofe-belyj-300-430ml-50sht-upak	https://clover-spb.ru/catalog
https://cloverspb.ru/magazin/product/stakan-pet-prozrachnyj-200ml-50sht-upak	stakan-pet-prozrachnyj-200ml-50sht-upak	https://clover-spb.ru/catalog
https://cloverspb.ru/magazin/product/stakan-pet-prozrachnyj-500ml-50sht-upak	stakan-pet-prozrachnyj-500ml-50sht-upak	https://clover-spb.ru/catalog
https://cloverspb.ru/magazin/product/stakan-pivnoj-plastikovyj-500ml	stakan-pivnoj-plastikovyj-500ml	https://clover-spb.ru/catalog
https://cloverspb.ru/magazin/product/stakan-plastikovyj-100ml-100sht-upak	stakan-plastikovyj-100ml-100sht-upak	https://clover-spb.ru/catalog
https://cloverspb.ru/magazin/product/stakan-plastikovyj-330ml-100sht-upak	stakan-plastikovyj-330ml-100sht-upak	https://clover-spb.ru/catalog
https://cloverspb.ru/magazin/product/stakan-plastikovyj-prozrachnyj-200ml-100sht-upak	stakan-plastikovyj-prozrachnyj-200ml-100sht-upak	https://clover-spb.ru/catalog
https://cloverspb.ru/magazin/product/stakan-shejker-400-ml	stakan-shejker-400-ml	https://clover-spb.ru/catalog
https://cloverspb.ru/magazin/product/stroitelnye-perchatki-s-pvh	stroitelnye-perchatki-s-pvh	https://clover-spb.ru/catalog
https://cloverspb.ru/magazin/product/tarelka-odnorazovaya-175-mm-belaya-kartonnaya-pavlovsk-1000-1000	tarelka-odnorazovaya-175-mm-belaya-kartonnaya-pavlovsk-1000-1000	https://clover-spb.ru/catalog
https://cloverspb.ru/magazin/product/tarelka-odnorazovaya-205mm-3-h-sekcionnaya-belaya-ps-polier-100-1800	tarelka-odnorazovaya-205mm-3-h-sekcionnaya-belaya-ps-polier-100-1800	https://clover-spb.ru/catalog
https://cloverspb.ru/magazin/product/trubochki-chernye-5-125mm	trubochki-chernye-5-125mm	https://clover-spb.ru/catalog
https://cloverspb.ru/magazin/product/trubochki-cvetnye-gofra-5-210mm-1000sht-upak	trubochki-cvetnye-gofra-5-210mm-1000sht-upak	https://clover-spb.ru/catalog
https://cloverspb.ru/magazin/product/tryapka-netkol-hlopkovaya-50-80sm-2-sl	tryapka-netkol-hlopkovaya-50-80sm-2-sl	https://clover-spb.ru/catalog
https://cloverspb.ru/magazin/product/tryapka-netkol-hlopkovaya-60-80sm-3-sl	tryapka-netkol-hlopkovaya-60-80sm-3-sl	https://clover-spb.ru/catalog
https://cloverspb.ru/magazin/product/unicum-gold-zhiroudalitel-3l	unicum-gold-zhiroudalitel-3l	https://clover-spb.ru/catalog
https://cloverspb.ru/magazin/product/unicum-gold-zhiroudalitel-s-triggerom-500ml	unicum-gold-zhiroudalitel-s-triggerom-500ml	https://clover-spb.ru/catalog
https://cloverspb.ru/magazin/product/vafelnoe-polotno-40-sm-otbelennoe-plotn-110-50-m	vafelnoe-polotno-40-sm-otbelennoe-plotn-110-50-m	https://clover-spb.ru/catalog
https://cloverspb.ru/magazin/product/vafelnoe-polotno-45-sm-otbelennoe-plotn-125-50-m	vafelnoe-polotno-45-sm-otbelennoe-plotn-125-50-m	https://clover-spb.ru/catalog
https://cloverspb.ru/magazin/product/vafelnoe-polotno-metrovoe	vafelnoe-polotno-metrovoe	https://clover-spb.ru/catalog
https://cloverspb.ru/magazin/product/vedro-1000-ml-s-kryshkoj	vedro-1000-ml-s-kryshkoj	https://clover-spb.ru/catalog
https://cloverspb.ru/magazin/product/vedro-1500-ml-s-kryshkoj	vedro-1500-ml-s-kryshkoj	https://clover-spb.ru/catalog
https://cloverspb.ru/magazin/product/vedro-2000-ml-s-kryshkoj	vedro-2000-ml-s-kryshkoj	https://clover-spb.ru/catalog
https://cloverspb.ru/magazin/product/vedro-2250-ml-s-kryshkoj	vedro-2250-ml-s-kryshkoj	https://clover-spb.ru/catalog
https://cloverspb.ru/magazin/product/vedro-3300-ml-s-kryshkoj	vedro-3300-ml-s-kryshkoj	https://clover-spb.ru/catalog
https://cloverspb.ru/magazin/product/vedro-5000-ml-s-kryshkoj	vedro-5000-ml-s-kryshkoj	https://clover-spb.ru/catalog
https://cloverspb.ru/magazin/product/vedro-800-ml-s-kryshkoj	vedro-800-ml-s-kryshkoj	https://clover-spb.ru/catalog
https://cloverspb.ru/magazin/product/vilka-odn-165-mm-belaya-ps-rts-100-2000	vilka-odn-165-mm-belaya-ps-rts-100-2000	https://clover-spb.ru/catalog
https://cloverspb.ru/magazin/product/vilka-odn-180-mm-prozr-ps-pokrov-50-2000	vilka-odn-180-mm-prozr-ps-pokrov-50-2000	https://clover-spb.ru/catalog
https://cloverspb.ru/magazin/product/yat-400-g-stiralnyj-poroshok	yat-400-g-stiralnyj-poroshok	https://clover-spb.ru/catalog
https://cloverspb.ru/magazin/product/zhidkoe-mylo-tork-s4	zhidkoe-mylo-tork-s4	https://clover-spb.ru/catalog
https://cloverspb.ru/magazin/product/zubochistki-v-individ-p-e-upakovke-mentol-500sht-upak	zubochistki-v-individ-p-e-upakovke-mentol-500sht-upak	https://clover-spb.ru/catalog
